,obj_id,sketch_id,obj_filename,sket_filename,class
0,90ba6644ad322c47,036dbe8e06efc868,90ba6644ad322c47.obj,036dbe8e06efc868.jpg,406
1,e9b85e6177ccf14d,036dbe8e06efc868,e9b85e6177ccf14d.obj,036dbe8e06efc868.jpg,635
2,2d0e5e5ef940e212,036dbe8e06efc868,2d0e5e5ef940e212.obj,036dbe8e06efc868.jpg,134
3,55a985eef253a7a0,036dbe8e06efc868,55a985eef253a7a0.obj,036dbe8e06efc868.jpg,238
4,90ba6644ad322c47,0516d1f786008dce,90ba6644ad322c47.obj,0516d1f786008dce.jpg,406
5,e9b85e6177ccf14d,0516d1f786008dce,e9b85e6177ccf14d.obj,0516d1f786008dce.jpg,635
6,2d0e5e5ef940e212,0516d1f786008dce,2d0e5e5ef940e212.obj,0516d1f786008dce.jpg,134
7,55a985eef253a7a0,0516d1f786008dce,55a985eef253a7a0.obj,0516d1f786008dce.jpg,238
8,a64e0155977494f6,0e674b33c711ebc8,a64e0155977494f6.obj,0e674b33c711ebc8.jpg,458
9,15b3a52de1d155f8,0e674b33c711ebc8,15b3a52de1d155f8.obj,0e674b33c711ebc8.jpg,67
10,15f5184dd981d634,0e674b33c711ebc8,15f5184dd981d634.obj,0e674b33c711ebc8.jpg,69
11,aa5750ffc43bcc18,0e674b33c711ebc8,aa5750ffc43bcc18.obj,0e674b33c711ebc8.jpg,466
12,5e9c1bf43507f405,0ed0deca9979f0ed,5e9c1bf43507f405.obj,0ed0deca9979f0ed.jpg,266
13,c423400504d96338,0ed0deca9979f0ed,c423400504d96338.obj,0ed0deca9979f0ed.jpg,530
14,73796850790b70ca,0ed0deca9979f0ed,73796850790b70ca.obj,0ed0deca9979f0ed.jpg,325
15,426a1b89dcfa2b6d,0ed0deca9979f0ed,426a1b89dcfa2b6d.obj,0ed0deca9979f0ed.jpg,183
16,afb4aa409ce3ba60,0f6515298b18c2d6,afb4aa409ce3ba60.obj,0f6515298b18c2d6.jpg,480
17,592aba62e8462b16,0f6515298b18c2d6,592aba62e8462b16.obj,0f6515298b18c2d6.jpg,250
18,b54319c9bb0ede4d,0f6515298b18c2d6,b54319c9bb0ede4d.obj,0f6515298b18c2d6.jpg,497
19,0ac1112120f956e6,0f6515298b18c2d6,0ac1112120f956e6.obj,0f6515298b18c2d6.jpg,31
20,819367dceddb838b,19e9e7cc69736b3c,819367dceddb838b.obj,19e9e7cc69736b3c.jpg,360
21,74703abba6aed00b,19e9e7cc69736b3c,74703abba6aed00b.obj,19e9e7cc69736b3c.jpg,326
22,22c09296590fb951,19e9e7cc69736b3c,22c09296590fb951.obj,19e9e7cc69736b3c.jpg,109
23,6585855871402772,19e9e7cc69736b3c,6585855871402772.obj,19e9e7cc69736b3c.jpg,281
24,90ba6644ad322c47,1f4391cd4503420a,90ba6644ad322c47.obj,1f4391cd4503420a.jpg,406
25,55a985eef253a7a0,1f4391cd4503420a,55a985eef253a7a0.obj,1f4391cd4503420a.jpg,238
26,2d0e5e5ef940e212,1f4391cd4503420a,2d0e5e5ef940e212.obj,1f4391cd4503420a.jpg,134
27,e9b85e6177ccf14d,1f4391cd4503420a,e9b85e6177ccf14d.obj,1f4391cd4503420a.jpg,635
28,7aa6307caf88079d,254eafbab701386d,7aa6307caf88079d.obj,254eafbab701386d.jpg,344
29,7e425f2c7bd1de87,254eafbab701386d,7e425f2c7bd1de87.obj,254eafbab701386d.jpg,351
30,7907e0dc70c44f92,254eafbab701386d,7907e0dc70c44f92.obj,254eafbab701386d.jpg,339
31,bffcd34d68d28303,254eafbab701386d,bffcd34d68d28303.obj,254eafbab701386d.jpg,517
32,3762672a3fb6a081,2704cbf6b6d342ee,3762672a3fb6a081.obj,2704cbf6b6d342ee.jpg,156
33,5f779cd192cae3a3,2704cbf6b6d342ee,5f779cd192cae3a3.obj,2704cbf6b6d342ee.jpg,270
34,52037651db34d9c6,2704cbf6b6d342ee,52037651db34d9c6.obj,2704cbf6b6d342ee.jpg,223
35,5a47b8a4ad093e6c,2704cbf6b6d342ee,5a47b8a4ad093e6c.obj,2704cbf6b6d342ee.jpg,254
36,bcfec2a2e7d4336a,28968135d005c606,bcfec2a2e7d4336a.obj,28968135d005c606.jpg,509
37,e76f366074e000b0,28968135d005c606,e76f366074e000b0.obj,28968135d005c606.jpg,627
38,57b24bbdb0c2985f,28968135d005c606,57b24bbdb0c2985f.obj,28968135d005c606.jpg,247
39,9047b88a1daca816,28968135d005c606,9047b88a1daca816.obj,28968135d005c606.jpg,403
40,819367dceddb838b,2cb6bc62e0c506b5,819367dceddb838b.obj,2cb6bc62e0c506b5.jpg,360
41,6585855871402772,2cb6bc62e0c506b5,6585855871402772.obj,2cb6bc62e0c506b5.jpg,281
42,22c09296590fb951,2cb6bc62e0c506b5,22c09296590fb951.obj,2cb6bc62e0c506b5.jpg,109
43,74703abba6aed00b,2cb6bc62e0c506b5,74703abba6aed00b.obj,2cb6bc62e0c506b5.jpg,326
44,6929c827e1ce8419,3460cf26dabd232f,6929c827e1ce8419.obj,3460cf26dabd232f.jpg,291
45,d5ce39428399616c,3460cf26dabd232f,d5ce39428399616c.obj,3460cf26dabd232f.jpg,588
46,03b5427c9cbad7df,3460cf26dabd232f,03b5427c9cbad7df.obj,3460cf26dabd232f.jpg,14
47,40ffabf8d9949b3a,3460cf26dabd232f,40ffabf8d9949b3a.obj,3460cf26dabd232f.jpg,180
48,e76f366074e000b0,347cab418dff6619,e76f366074e000b0.obj,347cab418dff6619.jpg,627
49,bcfec2a2e7d4336a,347cab418dff6619,bcfec2a2e7d4336a.obj,347cab418dff6619.jpg,509
50,9047b88a1daca816,347cab418dff6619,9047b88a1daca816.obj,347cab418dff6619.jpg,403
51,57b24bbdb0c2985f,347cab418dff6619,57b24bbdb0c2985f.obj,347cab418dff6619.jpg,247
52,efc57137562e8eeb,3b7fc4abd27cc1ba,efc57137562e8eeb.obj,3b7fc4abd27cc1ba.jpg,656
53,f45311b54d5d3fe4,3b7fc4abd27cc1ba,f45311b54d5d3fe4.obj,3b7fc4abd27cc1ba.jpg,669
54,c329a4bfc8c0a995,3b7fc4abd27cc1ba,c329a4bfc8c0a995.obj,3b7fc4abd27cc1ba.jpg,528
55,6f4322bbfcbf58b6,3b7fc4abd27cc1ba,6f4322bbfcbf58b6.obj,3b7fc4abd27cc1ba.jpg,311
56,afb4aa409ce3ba60,4168963b990e062b,afb4aa409ce3ba60.obj,4168963b990e062b.jpg,480
57,592aba62e8462b16,4168963b990e062b,592aba62e8462b16.obj,4168963b990e062b.jpg,250
58,0ac1112120f956e6,4168963b990e062b,0ac1112120f956e6.obj,4168963b990e062b.jpg,31
59,b54319c9bb0ede4d,4168963b990e062b,b54319c9bb0ede4d.obj,4168963b990e062b.jpg,497
60,e74deefe0a3ad809,48359a74121fbed4,e74deefe0a3ad809.obj,48359a74121fbed4.jpg,626
61,c484f391c112c70f,48359a74121fbed4,c484f391c112c70f.obj,48359a74121fbed4.jpg,533
62,0cedfe3226dabe49,48359a74121fbed4,0cedfe3226dabe49.obj,48359a74121fbed4.jpg,40
63,25eb316bfa00fc98,48359a74121fbed4,25eb316bfa00fc98.obj,48359a74121fbed4.jpg,115
64,876489950e67fe4b,4e72f96a26936634,876489950e67fe4b.obj,4e72f96a26936634.jpg,380
65,05c7a6c16b69e4b0,4e72f96a26936634,05c7a6c16b69e4b0.obj,4e72f96a26936634.jpg,19
66,c6a64b1fd1e8cd43,4e72f96a26936634,c6a64b1fd1e8cd43.obj,4e72f96a26936634.jpg,540
67,3dd66bd447d95ae1,4e72f96a26936634,3dd66bd447d95ae1.obj,4e72f96a26936634.jpg,173
68,f46502a5c792f3d2,564d699790e18d3c,f46502a5c792f3d2.obj,564d699790e18d3c.jpg,670
69,ed2b9dbd5a8d4f91,564d699790e18d3c,ed2b9dbd5a8d4f91.obj,564d699790e18d3c.jpg,645
70,5192c45bf1ce718c,564d699790e18d3c,5192c45bf1ce718c.obj,564d699790e18d3c.jpg,222
71,59400f104fce28c2,564d699790e18d3c,59400f104fce28c2.obj,564d699790e18d3c.jpg,251
72,9047b88a1daca816,5ad5181689668582,9047b88a1daca816.obj,5ad5181689668582.jpg,403
73,e76f366074e000b0,5ad5181689668582,e76f366074e000b0.obj,5ad5181689668582.jpg,627
74,bcfec2a2e7d4336a,5ad5181689668582,bcfec2a2e7d4336a.obj,5ad5181689668582.jpg,509
75,57b24bbdb0c2985f,5ad5181689668582,57b24bbdb0c2985f.obj,5ad5181689668582.jpg,247
76,f5749752ed4a8e10,60203c5353318c53,f5749752ed4a8e10.obj,60203c5353318c53.jpg,674
77,afb491e33546448e,60203c5353318c53,afb491e33546448e.obj,60203c5353318c53.jpg,479
78,4b7e6d7c00dc221c,60203c5353318c53,4b7e6d7c00dc221c.obj,60203c5353318c53.jpg,202
79,79c95869e0d37be3,60203c5353318c53,79c95869e0d37be3.obj,60203c5353318c53.jpg,342
80,b5f24bcd658e3bd5,6530ccc8e0180c07,b5f24bcd658e3bd5.obj,6530ccc8e0180c07.jpg,499
81,7115af5fd3e62ca0,6530ccc8e0180c07,7115af5fd3e62ca0.obj,6530ccc8e0180c07.jpg,319
82,39fa25fa685a2a71,6530ccc8e0180c07,39fa25fa685a2a71.obj,6530ccc8e0180c07.jpg,159
83,9e2c640d53381d60,6530ccc8e0180c07,9e2c640d53381d60.obj,6530ccc8e0180c07.jpg,438
84,c75a9c7c8b59efc9,6df2f2988d50b092,c75a9c7c8b59efc9.obj,6df2f2988d50b092.jpg,544
85,ff2eff3e8be69c85,6df2f2988d50b092,ff2eff3e8be69c85.obj,6df2f2988d50b092.jpg,706
86,890f0812b9947e09,6df2f2988d50b092,890f0812b9947e09.obj,6df2f2988d50b092.jpg,388
87,94ee98fd5cf5e505,6df2f2988d50b092,94ee98fd5cf5e505.obj,6df2f2988d50b092.jpg,414
88,0b3e8d17d98f5193,6e469ecb95c2a705,0b3e8d17d98f5193.obj,6e469ecb95c2a705.jpg,34
89,1b3d973e8c712776,6e469ecb95c2a705,1b3d973e8c712776.obj,6e469ecb95c2a705.jpg,82
90,9edcaa9f5ddecfc2,6e469ecb95c2a705,9edcaa9f5ddecfc2.obj,6e469ecb95c2a705.jpg,441
91,2736c1212e9624d8,6e469ecb95c2a705,2736c1212e9624d8.obj,6e469ecb95c2a705.jpg,119
92,ee5fdac79ee65b48,6ef0b40fa176ac70,ee5fdac79ee65b48.obj,6ef0b40fa176ac70.jpg,651
93,88fe8b2185d4feb6,6ef0b40fa176ac70,88fe8b2185d4feb6.obj,6ef0b40fa176ac70.jpg,386
94,ae09892d3ad04b4b,6ef0b40fa176ac70,ae09892d3ad04b4b.obj,6ef0b40fa176ac70.jpg,475
95,11e16848f8de0a7b,6ef0b40fa176ac70,11e16848f8de0a7b.obj,6ef0b40fa176ac70.jpg,54
96,b4891278cf84bda4,70d14b3001c113c6,b4891278cf84bda4.obj,70d14b3001c113c6.jpg,496
97,25d8bb2c5103d784,70d14b3001c113c6,25d8bb2c5103d784.obj,70d14b3001c113c6.jpg,114
98,0c273d5ab5435bff,70d14b3001c113c6,0c273d5ab5435bff.obj,70d14b3001c113c6.jpg,36
99,800132a29257a00e,70d14b3001c113c6,800132a29257a00e.obj,70d14b3001c113c6.jpg,355
100,303ae000f3346db3,7312bcc2f590d40f,303ae000f3346db3.obj,7312bcc2f590d40f.jpg,141
101,581129f2e0a8962a,7312bcc2f590d40f,581129f2e0a8962a.obj,7312bcc2f590d40f.jpg,248
102,ebb4e5b69643d4ab,7312bcc2f590d40f,ebb4e5b69643d4ab.obj,7312bcc2f590d40f.jpg,643
103,1a0240c017cd5737,7312bcc2f590d40f,1a0240c017cd5737.obj,7312bcc2f590d40f.jpg,78
104,4c142b488845264b,783ac99bb7f48124,4c142b488845264b.obj,783ac99bb7f48124.jpg,204
105,eb2ca1b686cec5b6,783ac99bb7f48124,eb2ca1b686cec5b6.obj,783ac99bb7f48124.jpg,641
106,cb4fbea952d068b4,783ac99bb7f48124,cb4fbea952d068b4.obj,783ac99bb7f48124.jpg,556
107,fb8e44e358fa39c8,783ac99bb7f48124,fb8e44e358fa39c8.obj,783ac99bb7f48124.jpg,693
108,fb5c86ffdae2de70,794296270542556b,fb5c86ffdae2de70.obj,794296270542556b.jpg,692
109,e478035ea7a63a88,794296270542556b,e478035ea7a63a88.obj,794296270542556b.jpg,620
110,f8cbd24719bd2d25,794296270542556b,f8cbd24719bd2d25.obj,794296270542556b.jpg,689
111,c43879676fbe4462,794296270542556b,c43879676fbe4462.obj,794296270542556b.jpg,531
112,f88ddb5d1e798ebc,802a7a2daebb4f38,f88ddb5d1e798ebc.obj,802a7a2daebb4f38.jpg,686
113,f676e480e5f79f05,802a7a2daebb4f38,f676e480e5f79f05.obj,802a7a2daebb4f38.jpg,676
114,b660f7e5959a2ea0,802a7a2daebb4f38,b660f7e5959a2ea0.obj,802a7a2daebb4f38.jpg,501
115,3080f1b08986b040,802a7a2daebb4f38,3080f1b08986b040.obj,802a7a2daebb4f38.jpg,142
116,90ba6644ad322c47,86889d264071b08d,90ba6644ad322c47.obj,86889d264071b08d.jpg,406
117,e9b85e6177ccf14d,86889d264071b08d,e9b85e6177ccf14d.obj,86889d264071b08d.jpg,635
118,55a985eef253a7a0,86889d264071b08d,55a985eef253a7a0.obj,86889d264071b08d.jpg,238
119,2d0e5e5ef940e212,86889d264071b08d,2d0e5e5ef940e212.obj,86889d264071b08d.jpg,134
120,fb8e44e358fa39c8,8f3d320e6bfdb9c4,fb8e44e358fa39c8.obj,8f3d320e6bfdb9c4.jpg,693
121,cb4fbea952d068b4,8f3d320e6bfdb9c4,cb4fbea952d068b4.obj,8f3d320e6bfdb9c4.jpg,556
122,4c142b488845264b,8f3d320e6bfdb9c4,4c142b488845264b.obj,8f3d320e6bfdb9c4.jpg,204
123,eb2ca1b686cec5b6,8f3d320e6bfdb9c4,eb2ca1b686cec5b6.obj,8f3d320e6bfdb9c4.jpg,641
124,3575419b4b9d1e89,8fadd0a5150e55bb,3575419b4b9d1e89.obj,8fadd0a5150e55bb.jpg,152
125,9841cafe9b5e1f5e,8fadd0a5150e55bb,9841cafe9b5e1f5e.obj,8fadd0a5150e55bb.jpg,422
126,d1fa77c870715aa6,8fadd0a5150e55bb,d1fa77c870715aa6.obj,8fadd0a5150e55bb.jpg,573
127,2acea48879fd7fec,8fadd0a5150e55bb,2acea48879fd7fec.obj,8fadd0a5150e55bb.jpg,127
128,834953da8335695b,9013db08af141f27,834953da8335695b.obj,9013db08af141f27.jpg,367
129,8504af9b6f6829dc,9013db08af141f27,8504af9b6f6829dc.obj,9013db08af141f27.jpg,374
130,f8b337766428bd4e,9013db08af141f27,f8b337766428bd4e.obj,9013db08af141f27.jpg,687
131,89defea2383d8c4c,9013db08af141f27,89defea2383d8c4c.obj,9013db08af141f27.jpg,389
132,d5ce39428399616c,920d0233669b8007,d5ce39428399616c.obj,920d0233669b8007.jpg,588
133,03b5427c9cbad7df,920d0233669b8007,03b5427c9cbad7df.obj,920d0233669b8007.jpg,14
134,40ffabf8d9949b3a,920d0233669b8007,40ffabf8d9949b3a.obj,920d0233669b8007.jpg,180
135,6929c827e1ce8419,920d0233669b8007,6929c827e1ce8419.obj,920d0233669b8007.jpg,291
136,afb491e33546448e,92638363fccf2782,afb491e33546448e.obj,92638363fccf2782.jpg,479
137,f5749752ed4a8e10,92638363fccf2782,f5749752ed4a8e10.obj,92638363fccf2782.jpg,674
138,79c95869e0d37be3,92638363fccf2782,79c95869e0d37be3.obj,92638363fccf2782.jpg,342
139,4b7e6d7c00dc221c,92638363fccf2782,4b7e6d7c00dc221c.obj,92638363fccf2782.jpg,202
140,94ee98fd5cf5e505,937b1839eb275b01,94ee98fd5cf5e505.obj,937b1839eb275b01.jpg,414
141,890f0812b9947e09,937b1839eb275b01,890f0812b9947e09.obj,937b1839eb275b01.jpg,388
142,c75a9c7c8b59efc9,937b1839eb275b01,c75a9c7c8b59efc9.obj,937b1839eb275b01.jpg,544
143,ff2eff3e8be69c85,937b1839eb275b01,ff2eff3e8be69c85.obj,937b1839eb275b01.jpg,706
144,59bd33136e830f43,95074b9474208918,59bd33136e830f43.obj,95074b9474208918.jpg,252
145,130ee9cf38dcc2a1,95074b9474208918,130ee9cf38dcc2a1.obj,95074b9474208918.jpg,57
146,67fbcae05765c5f0,95074b9474208918,67fbcae05765c5f0.obj,95074b9474208918.jpg,287
147,7af0ae61cfa42a48,95074b9474208918,7af0ae61cfa42a48.obj,95074b9474208918.jpg,345
148,b141dda23578766d,9c91e244378d10e8,b141dda23578766d.obj,9c91e244378d10e8.jpg,484
149,55f44c3f728145bb,9c91e244378d10e8,55f44c3f728145bb.obj,9c91e244378d10e8.jpg,239
150,0449f665c5c7d649,9c91e244378d10e8,0449f665c5c7d649.obj,9c91e244378d10e8.jpg,16
151,f30a9b11844c24b0,9c91e244378d10e8,f30a9b11844c24b0.obj,9c91e244378d10e8.jpg,666
152,b609dc59b3039257,a55d269a9117db3f,b609dc59b3039257.obj,a55d269a9117db3f.jpg,500
153,1564b04086c2c084,a55d269a9117db3f,1564b04086c2c084.obj,a55d269a9117db3f.jpg,65
154,b0334182d0c3faeb,a55d269a9117db3f,b0334182d0c3faeb.obj,a55d269a9117db3f.jpg,481
155,2dfa7571f2321b9e,a55d269a9117db3f,2dfa7571f2321b9e.obj,a55d269a9117db3f.jpg,138
156,15d746d0e8530e55,a862dd19d386dafb,15d746d0e8530e55.obj,a862dd19d386dafb.jpg,68
157,5f38dbc7e09d2cdd,a862dd19d386dafb,5f38dbc7e09d2cdd.obj,a862dd19d386dafb.jpg,268
158,56c67f15ec8bdb2c,a862dd19d386dafb,56c67f15ec8bdb2c.obj,a862dd19d386dafb.jpg,241
159,deed286d937453e9,a862dd19d386dafb,deed286d937453e9.obj,a862dd19d386dafb.jpg,608
160,0b3e8d17d98f5193,a9b963f95acd6c52,0b3e8d17d98f5193.obj,a9b963f95acd6c52.jpg,34
161,2736c1212e9624d8,a9b963f95acd6c52,2736c1212e9624d8.obj,a9b963f95acd6c52.jpg,119
162,9edcaa9f5ddecfc2,a9b963f95acd6c52,9edcaa9f5ddecfc2.obj,a9b963f95acd6c52.jpg,441
163,1b3d973e8c712776,a9b963f95acd6c52,1b3d973e8c712776.obj,a9b963f95acd6c52.jpg,82
164,2acea48879fd7fec,b42e77de1e8cd61e,2acea48879fd7fec.obj,b42e77de1e8cd61e.jpg,127
165,3575419b4b9d1e89,b42e77de1e8cd61e,3575419b4b9d1e89.obj,b42e77de1e8cd61e.jpg,152
166,d1fa77c870715aa6,b42e77de1e8cd61e,d1fa77c870715aa6.obj,b42e77de1e8cd61e.jpg,573
167,9841cafe9b5e1f5e,b42e77de1e8cd61e,9841cafe9b5e1f5e.obj,b42e77de1e8cd61e.jpg,422
168,b0334182d0c3faeb,b712443c86f071ee,b0334182d0c3faeb.obj,b712443c86f071ee.jpg,481
169,2dfa7571f2321b9e,b712443c86f071ee,2dfa7571f2321b9e.obj,b712443c86f071ee.jpg,138
170,1564b04086c2c084,b712443c86f071ee,1564b04086c2c084.obj,b712443c86f071ee.jpg,65
171,b609dc59b3039257,b712443c86f071ee,b609dc59b3039257.obj,b712443c86f071ee.jpg,500
172,f807a75c0e3429fa,be10e56aea982a64,f807a75c0e3429fa.obj,be10e56aea982a64.jpg,683
173,78c02d222c27bc25,be10e56aea982a64,78c02d222c27bc25.obj,be10e56aea982a64.jpg,337
174,b44e755a2fb42ad0,be10e56aea982a64,b44e755a2fb42ad0.obj,be10e56aea982a64.jpg,492
175,5f76ff02b2bd8554,be10e56aea982a64,5f76ff02b2bd8554.obj,be10e56aea982a64.jpg,269
176,5a47b8a4ad093e6c,be49351b5c4c2e12,5a47b8a4ad093e6c.obj,be49351b5c4c2e12.jpg,254
177,3762672a3fb6a081,be49351b5c4c2e12,3762672a3fb6a081.obj,be49351b5c4c2e12.jpg,156
178,5f779cd192cae3a3,be49351b5c4c2e12,5f779cd192cae3a3.obj,be49351b5c4c2e12.jpg,270
179,52037651db34d9c6,be49351b5c4c2e12,52037651db34d9c6.obj,be49351b5c4c2e12.jpg,223
180,c18dc05027727a8d,c2601a6eeae11ccd,c18dc05027727a8d.obj,c2601a6eeae11ccd.jpg,525
181,344e0698585e098a,c2601a6eeae11ccd,344e0698585e098a.obj,c2601a6eeae11ccd.jpg,151
182,5d47fcc026aece1e,c2601a6eeae11ccd,5d47fcc026aece1e.obj,c2601a6eeae11ccd.jpg,261
183,d63af3f5e7edd913,c2601a6eeae11ccd,d63af3f5e7edd913.obj,c2601a6eeae11ccd.jpg,589
184,efc57137562e8eeb,c49f8fd65abd9d89,efc57137562e8eeb.obj,c49f8fd65abd9d89.jpg,656
185,6f4322bbfcbf58b6,c49f8fd65abd9d89,6f4322bbfcbf58b6.obj,c49f8fd65abd9d89.jpg,311
186,c329a4bfc8c0a995,c49f8fd65abd9d89,c329a4bfc8c0a995.obj,c49f8fd65abd9d89.jpg,528
187,f45311b54d5d3fe4,c49f8fd65abd9d89,f45311b54d5d3fe4.obj,c49f8fd65abd9d89.jpg,669
188,10b05be54ad24bbf,c88f6243b997a1c7,10b05be54ad24bbf.obj,c88f6243b997a1c7.jpg,48
189,e18ea7c595a3d53d,c88f6243b997a1c7,e18ea7c595a3d53d.obj,c88f6243b997a1c7.jpg,615
190,fc20b4369ee117fd,c88f6243b997a1c7,fc20b4369ee117fd.obj,c88f6243b997a1c7.jpg,696
191,77e419b386f8bb46,c88f6243b997a1c7,77e419b386f8bb46.obj,c88f6243b997a1c7.jpg,334
192,d19ff493ba370b6e,d36c017cc4046784,d19ff493ba370b6e.obj,d36c017cc4046784.jpg,571
193,a91a958f77aaaf7a,d36c017cc4046784,a91a958f77aaaf7a.obj,d36c017cc4046784.jpg,461
194,85e5acde0498e53b,d36c017cc4046784,85e5acde0498e53b.obj,d36c017cc4046784.jpg,376
195,76386d460969cd1c,d36c017cc4046784,76386d460969cd1c.obj,d36c017cc4046784.jpg,330
196,59bd33136e830f43,d6c208d1f02de99e,59bd33136e830f43.obj,d6c208d1f02de99e.jpg,252
197,130ee9cf38dcc2a1,d6c208d1f02de99e,130ee9cf38dcc2a1.obj,d6c208d1f02de99e.jpg,57
198,67fbcae05765c5f0,d6c208d1f02de99e,67fbcae05765c5f0.obj,d6c208d1f02de99e.jpg,287
199,7af0ae61cfa42a48,d6c208d1f02de99e,7af0ae61cfa42a48.obj,d6c208d1f02de99e.jpg,345
200,d63af3f5e7edd913,e0180c855851d906,d63af3f5e7edd913.obj,e0180c855851d906.jpg,589
201,344e0698585e098a,e0180c855851d906,344e0698585e098a.obj,e0180c855851d906.jpg,151
202,5d47fcc026aece1e,e0180c855851d906,5d47fcc026aece1e.obj,e0180c855851d906.jpg,261
203,c18dc05027727a8d,e0180c855851d906,c18dc05027727a8d.obj,e0180c855851d906.jpg,525
204,d19ff493ba370b6e,efdc03080f935022,d19ff493ba370b6e.obj,efdc03080f935022.jpg,571
205,76386d460969cd1c,efdc03080f935022,76386d460969cd1c.obj,efdc03080f935022.jpg,330
206,85e5acde0498e53b,efdc03080f935022,85e5acde0498e53b.obj,efdc03080f935022.jpg,376
207,a91a958f77aaaf7a,efdc03080f935022,a91a958f77aaaf7a.obj,efdc03080f935022.jpg,461
208,5f76ff02b2bd8554,f33b9b381acfc0e7,5f76ff02b2bd8554.obj,f33b9b381acfc0e7.jpg,269
209,78c02d222c27bc25,f33b9b381acfc0e7,78c02d222c27bc25.obj,f33b9b381acfc0e7.jpg,337
210,f807a75c0e3429fa,f33b9b381acfc0e7,f807a75c0e3429fa.obj,f33b9b381acfc0e7.jpg,683
211,b44e755a2fb42ad0,f33b9b381acfc0e7,b44e755a2fb42ad0.obj,f33b9b381acfc0e7.jpg,492
212,2736c1212e9624d8,f3b370d4a110ae1d,2736c1212e9624d8.obj,f3b370d4a110ae1d.jpg,119
213,0b3e8d17d98f5193,f3b370d4a110ae1d,0b3e8d17d98f5193.obj,f3b370d4a110ae1d.jpg,34
214,9edcaa9f5ddecfc2,f3b370d4a110ae1d,9edcaa9f5ddecfc2.obj,f3b370d4a110ae1d.jpg,441
215,1b3d973e8c712776,f3b370d4a110ae1d,1b3d973e8c712776.obj,f3b370d4a110ae1d.jpg,82
216,40ffabf8d9949b3a,f87d5ebfae6b0f11,40ffabf8d9949b3a.obj,f87d5ebfae6b0f11.jpg,180
217,6929c827e1ce8419,f87d5ebfae6b0f11,6929c827e1ce8419.obj,f87d5ebfae6b0f11.jpg,291
218,d5ce39428399616c,f87d5ebfae6b0f11,d5ce39428399616c.obj,f87d5ebfae6b0f11.jpg,588
219,03b5427c9cbad7df,f87d5ebfae6b0f11,03b5427c9cbad7df.obj,f87d5ebfae6b0f11.jpg,14
220,10b05be54ad24bbf,fb3bfe3603a9e3e6,10b05be54ad24bbf.obj,fb3bfe3603a9e3e6.jpg,48
221,e18ea7c595a3d53d,fb3bfe3603a9e3e6,e18ea7c595a3d53d.obj,fb3bfe3603a9e3e6.jpg,615
222,77e419b386f8bb46,fb3bfe3603a9e3e6,77e419b386f8bb46.obj,fb3bfe3603a9e3e6.jpg,334
223,fc20b4369ee117fd,fb3bfe3603a9e3e6,fc20b4369ee117fd.obj,fb3bfe3603a9e3e6.jpg,696
224,22c09296590fb951,fcd5bdb5cc2ef0ae,22c09296590fb951.obj,fcd5bdb5cc2ef0ae.jpg,109
225,819367dceddb838b,fcd5bdb5cc2ef0ae,819367dceddb838b.obj,fcd5bdb5cc2ef0ae.jpg,360
226,74703abba6aed00b,fcd5bdb5cc2ef0ae,74703abba6aed00b.obj,fcd5bdb5cc2ef0ae.jpg,326
227,6585855871402772,fcd5bdb5cc2ef0ae,6585855871402772.obj,fcd5bdb5cc2ef0ae.jpg,281
228,deed286d937453e9,fe30baf8ddeb9085,deed286d937453e9.obj,fe30baf8ddeb9085.jpg,608
229,5f38dbc7e09d2cdd,fe30baf8ddeb9085,5f38dbc7e09d2cdd.obj,fe30baf8ddeb9085.jpg,268
230,15d746d0e8530e55,fe30baf8ddeb9085,15d746d0e8530e55.obj,fe30baf8ddeb9085.jpg,68
231,56c67f15ec8bdb2c,fe30baf8ddeb9085,56c67f15ec8bdb2c.obj,fe30baf8ddeb9085.jpg,241
232,15d746d0e8530e55,ff0b22b64c6876c8,15d746d0e8530e55.obj,ff0b22b64c6876c8.jpg,68
233,deed286d937453e9,ff0b22b64c6876c8,deed286d937453e9.obj,ff0b22b64c6876c8.jpg,608
234,56c67f15ec8bdb2c,ff0b22b64c6876c8,56c67f15ec8bdb2c.obj,ff0b22b64c6876c8.jpg,241
235,5f38dbc7e09d2cdd,ff0b22b64c6876c8,5f38dbc7e09d2cdd.obj,ff0b22b64c6876c8.jpg,268
