ID,mappingID
0016afdafa241a8b,0
00b174d953f27354,1
00beb632ff36011e,2
0109bd7501410481,3
014cbea869fcf211,4
01612cb400453597,5
019470e0b56fe70a,6
01fea2892d3dcb14,7
0266a5a1e24613ba,8
02bf2b708a98eb01,9
02f910f4d565a330,10
0313b6fb78613a9e,11
032fb59a082e3095,12
034074f6277978dc,13
03b5427c9cbad7df,14
0426cd835b1f0bf0,15
0449f665c5c7d649,16
046ba23fb2dba9b6,17
0489595b95c547dd,18
05c7a6c16b69e4b0,19
06420791d90920aa,20
067354f955919479,21
068a77d6a7c8aa90,22
079c96c521c73ca9,23
07a182b4c5ff670d,24
07b9f5a19be6449a,25
0823860d2037647f,26
087d185ae42e6026,27
08d73e04780a95a5,28
0a77cd2a91dfff53,29
0a87f2d6c01fb230,30
0ac1112120f956e6,31
0ae627367cedcd26,32
0ae964801539411d,33
0b3e8d17d98f5193,34
0b98619a32548d8e,35
0c273d5ab5435bff,36
0c27b52a88c33aae,37
0c9b5c0c7881583f,38
0cc1b52750c22499,39
0cedfe3226dabe49,40
0efe9a4279ef9c48,41
0ffc2d1991f4d1e4,42
0ffe68ec732dddff,43
103a969e2bb1dcc9,44
10436dc75a8fa9d4,45
1065699438e44f04,46
107cecfd59be0583,47
10b05be54ad24bbf,48
10bcae5f92b18612,49
10c2e95fab328678,50
11395e357f045559,51
1180fbeb855ae874,52
11d69250767f925c,53
11e16848f8de0a7b,54
124bea9bc82bb0c4,55
12c2d1ff31beb7e9,56
130ee9cf38dcc2a1,57
1387e002edbe7757,58
13a49ab0aecbc76f,59
13e0f1c32a3c9bcc,60
145639767668eaf7,61
1469459f7ebe496c,62
148342bfa8f41a31,63
152e68ac50b67fd3,64
1564b04086c2c084,65
158dcfba185978e8,66
15b3a52de1d155f8,67
15d746d0e8530e55,68
15f5184dd981d634,69
169b90e868c69185,70
17e243080e46a77a,71
1815808c9db01bc7,72
18476d26139f9f44,73
188f8079c7e8e65a,74
18916433442bd760,75
1925dd31d7b4064c,76
19be36a45ce6f9e4,77
1a0240c017cd5737,78
1a418f85ca7808da,79
1b0305051ec67406,80
1b1aee8806c0393b,81
1b3d973e8c712776,82
1b538c586ad2c0db,83
1b7bc4b33cddb120,84
1b86d214f8445508,85
1ba95d8d320f5e33,86
1bb180982752f261,87
1c94e26b92ab97dd,88
1cb8783b0b728483,89
1d502beefbc7697e,90
1dacb6cdad209643,91
1df3b0ad86562fde,92
1e76e5c9aa18cad5,93
1e87934cd4d7e8ee,94
1eb2e5d50f0ae982,95
1f356a5d5fbd0263,96
1f65711c9ef62568,97
1f7b19dd8f7d532e,98
2030c08c33298d28,99
208ff71bed4a1459,100
20b5e565c2f67b81,101
20fad05da21b0518,102
22148c7852d51497,103
2232fed9e00d559a,104
223bc7dec8a03c59,105
225def4a419b8f55,106
22648f17641ea2ee,107
2268076b3b795a99,108
22c09296590fb951,109
24215bf7ce370aaf,110
24e4919ee2fad075,111
255d31f96c2f3723,112
25a5dff1c2e3fd6c,113
25d8bb2c5103d784,114
25eb316bfa00fc98,115
26c8931736dc43fb,116
26f8ae8f8db6e224,117
2721b9a1421f6599,118
2736c1212e9624d8,119
2846d0b05ed649cf,120
28ae488982984ce3,121
29550f9c0b8e7d7a,122
29c20613ff8b0ea4,123
29e1d80da09586cc,124
29e9d7cf62ed365b,125
2accc11b14dde296,126
2acea48879fd7fec,127
2ad8b1381890d17a,128
2ae530419cd685af,129
2b72aa75a44e8847,130
2c5bd307d25beb0f,131
2c709428b2ca75be,132
2ce177087a5b7860,133
2d0e5e5ef940e212,134
2d4347cacab9627c,135
2db0707188554ab9,136
2df52539bd6c0756,137
2dfa7571f2321b9e,138
2e86a3625d556854,139
2f97710a9ad1b2c5,140
303ae000f3346db3,141
3080f1b08986b040,142
30aeb0f6039ef714,143
30cf391e77c2cf88,144
30d44706cdb396ba,145
30db82e1d7e02e0f,146
31cf8317f82a5815,147
32e445ce45908f8f,148
33fdb47f963804ae,149
342d50ae23716421,150
344e0698585e098a,151
3575419b4b9d1e89,152
36089dc42596904a,153
3707cda48b44084f,154
3730d6a7fdb0e4a8,155
3762672a3fb6a081,156
390eb1a5e57f1bd5,157
39ac47af68e86109,158
39fa25fa685a2a71,159
3af12c73b71c656f,160
3b3252444d8b457a,161
3bbdb934e5cf5e7c,162
3bd22b60871f3c97,163
3bdb27fe2e018a7c,164
3bf1ce0d8b192e34,165
3c203e2dbdf1bea7,166
3c2c913e87a88e57,167
3c5f903557218c37,168
3cf19cfa1149d500,169
3d677a4457574cd7,170
3d7695f8399c68c5,171
3d9546c481cc1c22,172
3dd66bd447d95ae1,173
3ddd6a55a6d8e37c,174
3df2c5b8e30103ff,175
3e5de1100e3b5b82,176
3e93217cf9baa08f,177
40989eb3293c273e,178
40e86f26ce8cc8eb,179
40ffabf8d9949b3a,180
410211806e61d8bb,181
413505e6f4ddf95e,182
426a1b89dcfa2b6d,183
42e032de7218c164,184
43cc39cf656a41ae,185
43cfff6a23acafe7,186
43fd7e94a67f9376,187
4581d98eaf09d27b,188
45e33d9f984acc7a,189
467501864d76cbbd,190
46f3bcef53438440,191
47a5282b8ba9e6d2,192
47d04be344220ba4,193
48ea82841daadc18,194
49296a65591751f1,195
492ab711a91f0d60,196
49b1dcc1038c7d6a,197
4a295ba0a7ded399,198
4a2ef78c1829d866,199
4aeadac4ffc25dab,200
4b433ec01cdaafff,201
4b7e6d7c00dc221c,202
4bc2868c75c32abd,203
4c142b488845264b,204
4c681e7d9db52f8b,205
4ca46d226ab601bf,206
4cce9c8ae0103550,207
4ce0245ee81d54c8,208
4d5af5360a844b3f,209
4d7a48f9df08a11e,210
4e3036c53e50beed,211
4ea79a529433b5d6,212
4ed71d8d8944949a,213
4ef649c218c6ffd0,214
4f144c6cac46dac5,215
4f721ca24c1ea9ee,216
4f7811c96a04ba51,217
5061a045b4f68bc6,218
50d1d60a07d09d83,219
511779683b40b395,220
5177b051d25ea0f7,221
5192c45bf1ce718c,222
52037651db34d9c6,223
52568b7512b8c478,224
5268c856bdbcd7ec,225
52f8ea88fade532a,226
52fde79d27bfeafd,227
530c82165054bf61,228
53139295c1a7f131,229
535c19d963f3d1ba,230
53e190f2111eaddb,231
53e9c7c3130f2d41,232
5479388fdcb8f4b3,233
547f2f46f3a479eb,234
553744f87e36aabb,235
5544db19d7450c08,236
5587d54f4108c95e,237
55a985eef253a7a0,238
55f44c3f728145bb,239
56458bc6918ca35d,240
56c67f15ec8bdb2c,241
56d86e7b9f59e2b7,242
56e73e1ef7d75a43,243
5716d05c503ca41e,244
5748b8108aea43c6,245
575052b4c7230c8b,246
57b24bbdb0c2985f,247
581129f2e0a8962a,248
587eeec34cf4d2c8,249
592aba62e8462b16,250
59400f104fce28c2,251
59bd33136e830f43,252
5a0331cd4017b611,253
5a47b8a4ad093e6c,254
5a96f86475d74e88,255
5ae6baa4fd312d38,256
5aff7c6a33aa8071,257
5cf7adb1082aa77d,258
5d078794e493954c,259
5d33d36a11ebf237,260
5d47fcc026aece1e,261
5dce28d98011a696,262
5e626e0bc33e7019,263
5e6f1816ab0eebeb,264
5e873501f1e26ca0,265
5e9c1bf43507f405,266
5f2f1b58e50c61bf,267
5f38dbc7e09d2cdd,268
5f76ff02b2bd8554,269
5f779cd192cae3a3,270
602f8d20449d6e58,271
60a64c226b25f697,272
60af2d4f86d5307c,273
60d4505f1a7290eb,274
62d3595fe53c81be,275
62e532ede5fce4a5,276
64263b59af4be01a,277
64773bd12fa9b48c,278
6481b377a1f2992a,279
654e7e41a4575e77,280
6585855871402772,281
6586d4fbdf3bbddb,282
658d4e36212e9c9e,283
6683e5816cd62649,284
672c0162a3077e07,285
677063925aa95336,286
67fbcae05765c5f0,287
688c7d507ae9f253,288
6892964be383453f,289
6920236f40bf3768,290
6929c827e1ce8419,291
69b0631cac45fce6,292
6a34b7da751a7f3f,293
6a6002c745899757,294
6afaaa7ebeee14b7,295
6b3b93b4b0711861,296
6bc2402ce628bbef,297
6beb33f61a648b30,298
6c280b75a4128f8b,299
6c4d2f2a280f3a90,300
6c74ffe6fa3a2227,301
6cb7c854dc08ec70,302
6d63b247b02d535d,303
6d73a35aafa82787,304
6dc816c6745c0b4d,305
6e92439ce227a932,306
6efc9529ed9e7fc5,307
6f08aeec26ba66cf,308
6f3e9d792ec6082d,309
6f41ba76e9ffcf67,310
6f4322bbfcbf58b6,311
6f50fb3efc179160,312
6f58684956f448da,313
6fc0839548a389b2,314
6fc741f92c03654d,315
706e6d63c0a59998,316
70c98f4c562affee,317
70de0fdcbaf1302f,318
7115af5fd3e62ca0,319
7160a4036bd716d3,320
7161147dfc135e09,321
7173c9264a210587,322
72996e8a76011909,323
72f7a445bff185f8,324
73796850790b70ca,325
74703abba6aed00b,326
74e121781a01280d,327
75a51a0bc964ed21,328
75bd8a12238f44b5,329
76386d460969cd1c,330
7693fede195ea017,331
771f7f4cbdb88fa6,332
776a9134c6bb1d03,333
77e419b386f8bb46,334
787871da8b795d39,335
78b045d9082fa8a1,336
78c02d222c27bc25,337
78c5de6dd0d3af11,338
7907e0dc70c44f92,339
7939a5fa2ffed845,340
79a002142ee6b312,341
79c95869e0d37be3,342
7aa5b3344260a6c8,343
7aa6307caf88079d,344
7af0ae61cfa42a48,345
7b3c2502ab3aacc5,346
7bc562527a894ac8,347
7bf29d74ee81f62a,348
7c1bca56ec73c461,349
7c53223fa27fbb2b,350
7e425f2c7bd1de87,351
7f36942b8785093d,352
7f9c5a47a8b18f00,353
7febb03fa7121507,354
800132a29257a00e,355
8061c9167e0cb731,356
80b20ad87a71a44f,357
80f19bdb036e4d95,358
811a1f305c2884ce,359
819367dceddb838b,360
81dc2a724ba57790,361
81e25016525a9151,362
8240c7ae34b9fcd0,363
825b05e3f1482c22,364
82c76d00ebd193b6,365
82de86e0cd7f9736,366
834953da8335695b,367
836406771c68c193,368
837f7b9ff5dcfa78,369
83a6898b3cf63399,370
845335c530f24a80,371
846ee3d09ab0fcc8,372
84cda9bd7042c100,373
8504af9b6f6829dc,374
85a5e7457d06795b,375
85e5acde0498e53b,376
868c9905d94ddb08,377
86e6f532243c9e95,378
872da42e17302cf3,379
876489950e67fe4b,380
87941f22ae04cfa1,381
88028a0e4ac75667,382
88652c4cf16deeda,383
88bf8bc923ad639b,384
88c74acaea736788,385
88fe8b2185d4feb6,386
8905f44a81dddb52,387
890f0812b9947e09,388
89defea2383d8c4c,389
8b0062ec0267c5f1,390
8b4f277b03b271b5,391
8b632eddc3627a37,392
8c85dc57e5e16770,393
8d32b020126e6e8c,394
8d3be739b380144a,395
8e05fa0fab7d7e0f,396
8e2cb9cc846f26a7,397
8e2dcf928d4348fd,398
8e5b0a1b440e41b1,399
8f1e3d3f3eb18a62,400
8f2b6f200d420b7e,401
8f42f036627160ae,402
9047b88a1daca816,403
904cb4ada4827f50,404
90595337e6108d17,405
90ba6644ad322c47,406
9115ebf2eb5e3dd1,407
919317f18eaae8fd,408
919b80269990ac22,409
92daae9f6dbb128e,410
93068e2de4fc820a,411
9351cfef5ce54e69,412
93c911b19ed62df8,413
94ee98fd5cf5e505,414
9556be5bb399f203,415
95865abd260e2c15,416
95fbfda2a354bacc,417
97db07b2d5e4b197,418
97eb2ab380ceac87,419
98032f4c2f991db9,420
983acf35534872bb,421
9841cafe9b5e1f5e,422
98b4aaaa2165fcd1,423
98b9ecda30efcb34,424
98c510f0e41accf8,425
98d12855b2889504,426
99467c906f40a69f,427
9946e34f45632be6,428
9aa017336678933a,429
9b93eafce6f5a7ac,430
9c0ccaca4f7af75d,431
9c8ce73f3c2c12d2,432
9d5d62c52379d9f0,433
9d6d5dd3175f52fa,434
9d9e8b57fde29a41,435
9dd06e3c5098a211,436
9e10ab1de79421ec,437
9e2c640d53381d60,438
9e89b018e25bd4ed,439
9ea7c44d1e5ac264,440
9edcaa9f5ddecfc2,441
9f890fc4347f91b0,442
9fe19c2f9343a942,443
a02aaca56afb4f17,444
a08b0c2fe44e748b,445
a1993557a877621a,446
a2a17167753efcb1,447
a2e67ac727768dcc,448
a3dc68476353e506,449
a3f337038d154765,450
a4da84ed81451ad0,451
a52636bfacafa2b6,452
a5391c778367ed6b,453
a5842e12a9200d43,454
a594a0e2b9fe9ca5,455
a609886e475e0942,456
a635e529613c6c00,457
a64e0155977494f6,458
a7c3e08cc4309ec9,459
a86071b0d9d7d0da,460
a91a958f77aaaf7a,461
a92a71ac204d0223,462
a957b00d43ef7c8f,463
aa0598ae402d2833,464
aa182a1ca33fba10,465
aa5750ffc43bcc18,466
aae580fed8c9604b,467
aaf18dc46614568f,468
ab047afa481c3134,469
ab130247173f42ba,470
ac3d3b1b6d75d3ae,471
ad3a9fd00fc69eaf,472
ad6886154dae4a8c,473
ad790b0a529e2267,474
ae09892d3ad04b4b,475
ae7e4778dfc7147b,476
ae93f2d3e0ab350d,477
afb009152b8ff33c,478
afb491e33546448e,479
afb4aa409ce3ba60,480
b0334182d0c3faeb,481
b095d9ef45ca6c13,482
b0ed6ea888551408,483
b141dda23578766d,484
b1fc2b6ab1cbb8e7,485
b2155ffa27d015f8,486
b234fb92bcacf4db,487
b245bce8888afeb4,488
b345896ab5eb2f5e,489
b3639e91e48f90f1,490
b40605d93511756d,491
b44e755a2fb42ad0,492
b4679940dd7710ef,493
b46c5d1510f7e1a4,494
b4820fa8a2c2444a,495
b4891278cf84bda4,496
b54319c9bb0ede4d,497
b55c36293cdb47bf,498
b5f24bcd658e3bd5,499
b609dc59b3039257,500
b660f7e5959a2ea0,501
b922cbe2403df658,502
ba6c17861f1fdabc,503
ba7b9da1f1c45296,504
bb306902252799be,505
bbdedc10be93fb6e,506
bbe5a083ba234197,507
bc362ef90482b082,508
bcfec2a2e7d4336a,509
bd8a7ac67339e2d5,510
bd9f8bd45593a0cc,511
bda1f6d4a4b5fe79,512
bdf5128b241959b8,513
bea831bbdeb49dbe,514
bfc8c9ed57d319d2,515
bfdb497b62c53c6d,516
bffcd34d68d28303,517
c06f7a01098b018b,518
c0711e59c0006177,519
c08708af112a0bc7,520
c08b5058ec12705d,521
c0d8aefb3b2ae9fb,522
c0dcb96c756dbfc5,523
c180a6944a796dd1,524
c18dc05027727a8d,525
c1db6aceadbe546f,526
c281a16ddb955261,527
c329a4bfc8c0a995,528
c36b74d05bd80d81,529
c423400504d96338,530
c43879676fbe4462,531
c44866f41c8768f3,532
c484f391c112c70f,533
c4cb6c13af0fba27,534
c4ee709c2845df96,535
c53efb8e05ccafb5,536
c5bc9b0cfdb5d23e,537
c6457fbbce37ec86,538
c6902f10d0efd8be,539
c6a64b1fd1e8cd43,540
c6aff24baaab3ca9,541
c6cbe6d259d1c457,542
c6f7761f5fe290fa,543
c75a9c7c8b59efc9,544
c78aacf25332539a,545
c7c9add79b919256,546
c8a68150df3727e6,547
c8c580af957a5d2c,548
c9115aa02a41a4e6,549
c9318b8622922822,550
c94760fab3f8ec44,551
c97abb4e781eaec2,552
c9d2d69ecab50fcc,553
ca028b330a788164,554
cb3b53c236312a01,555
cb4fbea952d068b4,556
cb59eadac2b90db5,557
cb6ef21b1c71cbbb,558
cbd5aaf74e9de14a,559
cbef81f72fefce7a,560
cc9d45414fb693d5,561
ccedf54cba34d96d,562
cdb03dd72471b157,563
cdd35fc56b3e2d0a,564
ce9073046498fc6f,565
d086e2ba9427d224,566
d0bc4cd0c3bc8ced,567
d0c30ad9d0522ca9,568
d0ea1adb69ca11d1,569
d135189b46e20da8,570
d19ff493ba370b6e,571
d1aef3261220290a,572
d1fa77c870715aa6,573
d2262a2bf815bca0,574
d265178183f1045a,575
d2e4667d08d1ff86,576
d30fb376f0eaea2b,577
d3377b07ed88c02c,578
d3af05d7f2f37761,579
d3ba454970b6abd8,580
d3ce00984b6ffe3a,581
d3f5de25c5cfe10b,582
d42e636946ade14e,583
d46d18fabb157728,584
d4de076de078e6ba,585
d52126f39607d7e5,586
d5bc2c74d13ee217,587
d5ce39428399616c,588
d63af3f5e7edd913,589
d6654dc72b2fc814,590
d6e0c1df4a6727ef,591
d6f67448fad3e49d,592
d7c1b172e327ab80,593
d7ec8c861271c6b9,594
d7f91c8dd06833e0,595
d8507df2c18f7908,596
d890aa3630d5e8b2,597
d91ae5ac12f20fb9,598
d93679457ff96f4f,599
da0da90b4c6c9621,600
dbfad9e0971c6734,601
dc4ff0bf65018d35,602
dcdd9defb7654a69,603
dcea5825436a03ca,604
dd8a26c4de9a4d6c,605
dd986bc1a049ef4b,606
ddfa2ef9e3c43e13,607
deed286d937453e9,608
dfbb8fdd9be16fc6,609
e072cf875c16542a,610
e0c5393e4f88864f,611
e0f5cafb98d9acf7,612
e16916d53f03e59f,613
e17edb72cc31de14,614
e18ea7c595a3d53d,615
e242947fb36276d8,616
e31ced3776eca0a7,617
e406c931589df07b,618
e448bfc8561b7f5b,619
e478035ea7a63a88,620
e505606f158f2955,621
e5ee823dd8ebfe70,622
e6e23a42e21d5d81,623
e6ec065ce21bb1e9,624
e74b025c2133655a,625
e74deefe0a3ad809,626
e76f366074e000b0,627
e7d35ff357dd270d,628
e7f4d68eb4c3f512,629
e81bcfcf9bf2c1ca,630
e84c540449aea18a,631
e84d5bcc733cb2c0,632
e8626631698592a7,633
e911271cca4a9d36,634
e9b85e6177ccf14d,635
ea0a0d3cb57de45c,636
ea200cbaf4ceb144,637
ea4680eb71358a11,638
ea774de39e97e259,639
eac21a4b02e6e24a,640
eb2ca1b686cec5b6,641
eb669ec7a2cc888a,642
ebb4e5b69643d4ab,643
ec1d8367e32b35b5,644
ed2b9dbd5a8d4f91,645
edf43557a84dc38e,646
ee08e4a284a536e8,647
ee0a634b331b5a2a,648
ee154ab1b203f278,649
ee348416503b399b,650
ee5fdac79ee65b48,651
eea729867e7273aa,652
ef26ac0097ec03ab,653
ef916ad12d81d484,654
efa061e775cc76e0,655
efc57137562e8eeb,656
efdf5b5eed9a4890,657
f0931310b6964a5e,658
f0b5c52cb89607ad,659
f1089dcdf18fa0a2,660
f17c28d4b31b1517,661
f1d410c5d6888311,662
f24db050b4065a9c,663
f2e49e6309928b53,664
f2fcaced04bd4f2e,665
f30a9b11844c24b0,666
f34aa0a2108b06c2,667
f40a50ef56006ab9,668
f45311b54d5d3fe4,669
f46502a5c792f3d2,670
f4673fcd52f52b95,671
f488c177fdbbab01,672
f4ae012475c8b50a,673
f5749752ed4a8e10,674
f5c33961fc80448c,675
f676e480e5f79f05,676
f68c68b42185c717,677
f6dddfd190b2291f,678
f7237b602f17a279,679
f72449d035d0ac79,680
f764a508c643d067,681
f770b7a17bed6938,682
f807a75c0e3429fa,683
f8287f9edce2640a,684
f858f2ac7979a7b1,685
f88ddb5d1e798ebc,686
f8b337766428bd4e,687
f8c35c11d6367ad1,688
f8cbd24719bd2d25,689
fa19e2ec35f90a50,690
fa79d53c4036fa3d,691
fb5c86ffdae2de70,692
fb8e44e358fa39c8,693
fb9353dc68b766dd,694
fbebaed970d04c62,695
fc20b4369ee117fd,696
fc2db06c4c42b0d2,697
fc7b6af833b14287,698
fc8524975220e49c,699
fca89dbdefa84fb9,700
fdfd2538c9269782,701
fe0dc4f6d17a9c13,702
fe8ba017416507eb,703
fec0ffde891590ec,704
fed99c4e5443d447,705
ff2eff3e8be69c85,706
ff35780e9a84c00c,707
ff4fb6cb32c1c467,708
ff51de34794e07fd,709
ffb83d7326fd48d9,710
