0d138c88827df428,85e5acde0498e53b,a91a958f77aaaf7a,76386d460969cd1c,d19ff493ba370b6e,4c142b488845264b,7907e0dc70c44f92,fb5c86ffdae2de70,fb8e44e358fa39c8,c43879676fbe4462,eb2ca1b686cec5b6,cb4fbea952d068b4,303ae000f3346db3,e478035ea7a63a88,3dd66bd447d95ae1,ebb4e5b69643d4ab,876489950e67fe4b,1a0240c017cd5737,581129f2e0a8962a,c6a64b1fd1e8cd43,05c7a6c16b69e4b0,7e425f2c7bd1de87,f8cbd24719bd2d25,88fe8b2185d4feb6,7aa6307caf88079d,11e16848f8de0a7b,11e16848f8de0a7b,ae09892d3ad04b4b,88fe8b2185d4feb6,ee5fdac79ee65b48,426a1b89dcfa2b6d,ee5fdac79ee65b48,ae09892d3ad04b4b,59400f104fce28c2,73796850790b70ca,5e9c1bf43507f405,e8626631698592a7,aa5750ffc43bcc18,c423400504d96338,bffcd34d68d28303,e8626631698592a7,e7d35ff357dd270d,15b3a52de1d155f8,9c0ccaca4f7af75d,b141dda23578766d,5192c45bf1ce718c,6beb33f61a648b30,0449f665c5c7d649,a64e0155977494f6,9c0ccaca4f7af75d,e7d35ff357dd270d,55f44c3f728145bb,f30a9b11844c24b0,15f5184dd981d634,f46502a5c792f3d2,6beb33f61a648b30,ed2b9dbd5a8d4f91,9841cafe9b5e1f5e,2acea48879fd7fec,d1fa77c870715aa6,3575419b4b9d1e89
104fefed2158ccf5,59400f104fce28c2,a64e0155977494f6,76386d460969cd1c,7907e0dc70c44f92,f46502a5c792f3d2,b141dda23578766d,85e5acde0498e53b,303ae000f3346db3,ed2b9dbd5a8d4f91,6beb33f61a648b30,15b3a52de1d155f8,55f44c3f728145bb,0449f665c5c7d649,7e425f2c7bd1de87,5192c45bf1ce718c,a91a958f77aaaf7a,d19ff493ba370b6e,581129f2e0a8962a,7aa6307caf88079d,e8626631698592a7,f30a9b11844c24b0,9c0ccaca4f7af75d,11e16848f8de0a7b,ebb4e5b69643d4ab,e7d35ff357dd270d,aa5750ffc43bcc18,e8626631698592a7,c423400504d96338,9841cafe9b5e1f5e,11e16848f8de0a7b,876489950e67fe4b,426a1b89dcfa2b6d,1a0240c017cd5737,73796850790b70ca,ee5fdac79ee65b48,bffcd34d68d28303,9c0ccaca4f7af75d,15f5184dd981d634,ee5fdac79ee65b48,5e9c1bf43507f405,d1fa77c870715aa6,e7d35ff357dd270d,88fe8b2185d4feb6,ae09892d3ad04b4b,05c7a6c16b69e4b0,c6a64b1fd1e8cd43,fb5c86ffdae2de70,cb4fbea952d068b4,fb8e44e358fa39c8,ae09892d3ad04b4b,eb2ca1b686cec5b6,4c142b488845264b,c43879676fbe4462,e478035ea7a63a88,3dd66bd447d95ae1,88fe8b2185d4feb6,2acea48879fd7fec,6beb33f61a648b30,f8cbd24719bd2d25,3575419b4b9d1e89
1e97b3b7b6603091,f46502a5c792f3d2,ed2b9dbd5a8d4f91,59400f104fce28c2,5192c45bf1ce718c,7e425f2c7bd1de87,7907e0dc70c44f92,9841cafe9b5e1f5e,7aa6307caf88079d,bffcd34d68d28303,d1fa77c870715aa6,876489950e67fe4b,3575419b4b9d1e89,aa5750ffc43bcc18,c6a64b1fd1e8cd43,a64e0155977494f6,f30a9b11844c24b0,c423400504d96338,15f5184dd981d634,15b3a52de1d155f8,2acea48879fd7fec,05c7a6c16b69e4b0,b141dda23578766d,0449f665c5c7d649,11e16848f8de0a7b,55f44c3f728145bb,3dd66bd447d95ae1,e7d35ff357dd270d,e8626631698592a7,76386d460969cd1c,6beb33f61a648b30,9c0ccaca4f7af75d,73796850790b70ca,11e16848f8de0a7b,e8626631698592a7,9c0ccaca4f7af75d,6beb33f61a648b30,ee5fdac79ee65b48,85e5acde0498e53b,e7d35ff357dd270d,ee5fdac79ee65b48,303ae000f3346db3,5e9c1bf43507f405,ae09892d3ad04b4b,88fe8b2185d4feb6,ae09892d3ad04b4b,426a1b89dcfa2b6d,88fe8b2185d4feb6,581129f2e0a8962a,a91a958f77aaaf7a,d19ff493ba370b6e,fb5c86ffdae2de70,4c142b488845264b,ebb4e5b69643d4ab,c43879676fbe4462,fb8e44e358fa39c8,eb2ca1b686cec5b6,1a0240c017cd5737,cb4fbea952d068b4,e478035ea7a63a88,f8cbd24719bd2d25
24bebcfbcaa4b12e,85e5acde0498e53b,11e16848f8de0a7b,ee5fdac79ee65b48,11e16848f8de0a7b,ee5fdac79ee65b48,73796850790b70ca,a91a958f77aaaf7a,5e9c1bf43507f405,ae09892d3ad04b4b,76386d460969cd1c,426a1b89dcfa2b6d,c423400504d96338,ae09892d3ad04b4b,d19ff493ba370b6e,88fe8b2185d4feb6,88fe8b2185d4feb6,581129f2e0a8962a,ebb4e5b69643d4ab,1a0240c017cd5737,303ae000f3346db3,7907e0dc70c44f92,59400f104fce28c2,876489950e67fe4b,e8626631698592a7,b141dda23578766d,7e425f2c7bd1de87,7aa6307caf88079d,cb4fbea952d068b4,c6a64b1fd1e8cd43,05c7a6c16b69e4b0,6beb33f61a648b30,3dd66bd447d95ae1,0449f665c5c7d649,aa5750ffc43bcc18,fb8e44e358fa39c8,eb2ca1b686cec5b6,4c142b488845264b,e8626631698592a7,e478035ea7a63a88,fb5c86ffdae2de70,9c0ccaca4f7af75d,6beb33f61a648b30,15b3a52de1d155f8,bffcd34d68d28303,e7d35ff357dd270d,f8cbd24719bd2d25,c43879676fbe4462,9c0ccaca4f7af75d,e7d35ff357dd270d,f30a9b11844c24b0,5192c45bf1ce718c,55f44c3f728145bb,ed2b9dbd5a8d4f91,a64e0155977494f6,f46502a5c792f3d2,15f5184dd981d634,9841cafe9b5e1f5e,2acea48879fd7fec,d1fa77c870715aa6,3575419b4b9d1e89
35901fcbe0a2d90c,fb5c86ffdae2de70,cb4fbea952d068b4,e478035ea7a63a88,c43879676fbe4462,fb8e44e358fa39c8,4c142b488845264b,f8cbd24719bd2d25,eb2ca1b686cec5b6,a91a958f77aaaf7a,d19ff493ba370b6e,1a0240c017cd5737,85e5acde0498e53b,ebb4e5b69643d4ab,303ae000f3346db3,581129f2e0a8962a,76386d460969cd1c,11e16848f8de0a7b,ee5fdac79ee65b48,a64e0155977494f6,6beb33f61a648b30,ee5fdac79ee65b48,88fe8b2185d4feb6,426a1b89dcfa2b6d,5e9c1bf43507f405,73796850790b70ca,55f44c3f728145bb,ae09892d3ad04b4b,11e16848f8de0a7b,88fe8b2185d4feb6,15b3a52de1d155f8,e7d35ff357dd270d,ae09892d3ad04b4b,9c0ccaca4f7af75d,c423400504d96338,b141dda23578766d,0449f665c5c7d649,e8626631698592a7,e8626631698592a7,f30a9b11844c24b0,3dd66bd447d95ae1,59400f104fce28c2,aa5750ffc43bcc18,7907e0dc70c44f92,15f5184dd981d634,9c0ccaca4f7af75d,876489950e67fe4b,05c7a6c16b69e4b0,6beb33f61a648b30,ed2b9dbd5a8d4f91,c6a64b1fd1e8cd43,f46502a5c792f3d2,e7d35ff357dd270d,7e425f2c7bd1de87,5192c45bf1ce718c,7aa6307caf88079d,bffcd34d68d28303,2acea48879fd7fec,d1fa77c870715aa6,3575419b4b9d1e89,9841cafe9b5e1f5e
569ac422d1941ed6,f46502a5c792f3d2,5192c45bf1ce718c,ed2b9dbd5a8d4f91,59400f104fce28c2,7e425f2c7bd1de87,7907e0dc70c44f92,7aa6307caf88079d,bffcd34d68d28303,9841cafe9b5e1f5e,876489950e67fe4b,c6a64b1fd1e8cd43,d1fa77c870715aa6,aa5750ffc43bcc18,3575419b4b9d1e89,05c7a6c16b69e4b0,3dd66bd447d95ae1,15f5184dd981d634,c423400504d96338,11e16848f8de0a7b,2acea48879fd7fec,88fe8b2185d4feb6,e7d35ff357dd270d,ae09892d3ad04b4b,a64e0155977494f6,ae09892d3ad04b4b,88fe8b2185d4feb6,ee5fdac79ee65b48,73796850790b70ca,6beb33f61a648b30,f30a9b11844c24b0,5e9c1bf43507f405,15b3a52de1d155f8,ee5fdac79ee65b48,9c0ccaca4f7af75d,e8626631698592a7,11e16848f8de0a7b,0449f665c5c7d649,76386d460969cd1c,b141dda23578766d,426a1b89dcfa2b6d,55f44c3f728145bb,e8626631698592a7,fb5c86ffdae2de70,c43879676fbe4462,e7d35ff357dd270d,4c142b488845264b,9c0ccaca4f7af75d,6beb33f61a648b30,85e5acde0498e53b,fb8e44e358fa39c8,eb2ca1b686cec5b6,303ae000f3346db3,e478035ea7a63a88,a91a958f77aaaf7a,d19ff493ba370b6e,581129f2e0a8962a,cb4fbea952d068b4,ebb4e5b69643d4ab,f8cbd24719bd2d25,1a0240c017cd5737
5bc23aeaabd17055,f46502a5c792f3d2,7e425f2c7bd1de87,5192c45bf1ce718c,59400f104fce28c2,ed2b9dbd5a8d4f91,7907e0dc70c44f92,7aa6307caf88079d,bffcd34d68d28303,9841cafe9b5e1f5e,876489950e67fe4b,c6a64b1fd1e8cd43,aa5750ffc43bcc18,d1fa77c870715aa6,05c7a6c16b69e4b0,3dd66bd447d95ae1,3575419b4b9d1e89,15f5184dd981d634,c423400504d96338,e7d35ff357dd270d,11e16848f8de0a7b,2acea48879fd7fec,88fe8b2185d4feb6,a64e0155977494f6,ae09892d3ad04b4b,e8626631698592a7,76386d460969cd1c,15b3a52de1d155f8,fb5c86ffdae2de70,88fe8b2185d4feb6,ae09892d3ad04b4b,4c142b488845264b,c43879676fbe4462,f30a9b11844c24b0,6beb33f61a648b30,9c0ccaca4f7af75d,85e5acde0498e53b,73796850790b70ca,ee5fdac79ee65b48,ee5fdac79ee65b48,5e9c1bf43507f405,0449f665c5c7d649,fb8e44e358fa39c8,b141dda23578766d,e8626631698592a7,11e16848f8de0a7b,eb2ca1b686cec5b6,9c0ccaca4f7af75d,55f44c3f728145bb,426a1b89dcfa2b6d,e7d35ff357dd270d,a91a958f77aaaf7a,6beb33f61a648b30,e478035ea7a63a88,d19ff493ba370b6e,303ae000f3346db3,cb4fbea952d068b4,581129f2e0a8962a,ebb4e5b69643d4ab,f8cbd24719bd2d25,1a0240c017cd5737
6c66d2f4a2caecd8,3575419b4b9d1e89,d1fa77c870715aa6,9841cafe9b5e1f5e,b141dda23578766d,ed2b9dbd5a8d4f91,2acea48879fd7fec,f30a9b11844c24b0,0449f665c5c7d649,f46502a5c792f3d2,6beb33f61a648b30,c423400504d96338,15b3a52de1d155f8,a64e0155977494f6,11e16848f8de0a7b,55f44c3f728145bb,9c0ccaca4f7af75d,e8626631698592a7,6beb33f61a648b30,5192c45bf1ce718c,59400f104fce28c2,e7d35ff357dd270d,e7d35ff357dd270d,e8626631698592a7,ee5fdac79ee65b48,ae09892d3ad04b4b,9c0ccaca4f7af75d,7aa6307caf88079d,73796850790b70ca,5e9c1bf43507f405,bffcd34d68d28303,11e16848f8de0a7b,7e425f2c7bd1de87,ae09892d3ad04b4b,15f5184dd981d634,ee5fdac79ee65b48,426a1b89dcfa2b6d,88fe8b2185d4feb6,aa5750ffc43bcc18,88fe8b2185d4feb6,876489950e67fe4b,7907e0dc70c44f92,c6a64b1fd1e8cd43,05c7a6c16b69e4b0,3dd66bd447d95ae1,581129f2e0a8962a,ebb4e5b69643d4ab,76386d460969cd1c,303ae000f3346db3,85e5acde0498e53b,1a0240c017cd5737,a91a958f77aaaf7a,d19ff493ba370b6e,fb5c86ffdae2de70,4c142b488845264b,c43879676fbe4462,fb8e44e358fa39c8,eb2ca1b686cec5b6,e478035ea7a63a88,cb4fbea952d068b4,f8cbd24719bd2d25
6e352e7b339a177b,b141dda23578766d,0449f665c5c7d649,e8626631698592a7,15b3a52de1d155f8,a64e0155977494f6,f30a9b11844c24b0,6beb33f61a648b30,55f44c3f728145bb,9c0ccaca4f7af75d,e8626631698592a7,9c0ccaca4f7af75d,e7d35ff357dd270d,2acea48879fd7fec,9841cafe9b5e1f5e,e7d35ff357dd270d,7907e0dc70c44f92,11e16848f8de0a7b,7e425f2c7bd1de87,7aa6307caf88079d,c423400504d96338,d1fa77c870715aa6,6beb33f61a648b30,59400f104fce28c2,3575419b4b9d1e89,11e16848f8de0a7b,876489950e67fe4b,426a1b89dcfa2b6d,ee5fdac79ee65b48,ae09892d3ad04b4b,05c7a6c16b69e4b0,c6a64b1fd1e8cd43,aa5750ffc43bcc18,ed2b9dbd5a8d4f91,73796850790b70ca,5192c45bf1ce718c,ae09892d3ad04b4b,f46502a5c792f3d2,5e9c1bf43507f405,bffcd34d68d28303,88fe8b2185d4feb6,ee5fdac79ee65b48,88fe8b2185d4feb6,3dd66bd447d95ae1,15f5184dd981d634,76386d460969cd1c,581129f2e0a8962a,85e5acde0498e53b,303ae000f3346db3,ebb4e5b69643d4ab,a91a958f77aaaf7a,d19ff493ba370b6e,1a0240c017cd5737,4c142b488845264b,fb5c86ffdae2de70,fb8e44e358fa39c8,c43879676fbe4462,eb2ca1b686cec5b6,cb4fbea952d068b4,e478035ea7a63a88,f8cbd24719bd2d25
7d7526004f6673ca,7e425f2c7bd1de87,7907e0dc70c44f92,5192c45bf1ce718c,59400f104fce28c2,f46502a5c792f3d2,7aa6307caf88079d,ed2b9dbd5a8d4f91,bffcd34d68d28303,c6a64b1fd1e8cd43,876489950e67fe4b,9841cafe9b5e1f5e,aa5750ffc43bcc18,05c7a6c16b69e4b0,3dd66bd447d95ae1,d1fa77c870715aa6,3575419b4b9d1e89,15f5184dd981d634,c423400504d96338,88fe8b2185d4feb6,11e16848f8de0a7b,fb5c86ffdae2de70,c43879676fbe4462,4c142b488845264b,85e5acde0498e53b,76386d460969cd1c,fb8e44e358fa39c8,88fe8b2185d4feb6,e7d35ff357dd270d,eb2ca1b686cec5b6,ae09892d3ad04b4b,ae09892d3ad04b4b,a91a958f77aaaf7a,e478035ea7a63a88,ee5fdac79ee65b48,ee5fdac79ee65b48,73796850790b70ca,d19ff493ba370b6e,5e9c1bf43507f405,cb4fbea952d068b4,2acea48879fd7fec,11e16848f8de0a7b,426a1b89dcfa2b6d,6beb33f61a648b30,303ae000f3346db3,f8cbd24719bd2d25,e8626631698592a7,9c0ccaca4f7af75d,e8626631698592a7,15b3a52de1d155f8,ebb4e5b69643d4ab,a64e0155977494f6,9c0ccaca4f7af75d,1a0240c017cd5737,f30a9b11844c24b0,581129f2e0a8962a,e7d35ff357dd270d,0449f665c5c7d649,6beb33f61a648b30,b141dda23578766d,55f44c3f728145bb
83eaf255c4780596,11e16848f8de0a7b,ee5fdac79ee65b48,ee5fdac79ee65b48,ae09892d3ad04b4b,11e16848f8de0a7b,73796850790b70ca,5e9c1bf43507f405,c423400504d96338,426a1b89dcfa2b6d,ae09892d3ad04b4b,88fe8b2185d4feb6,88fe8b2185d4feb6,85e5acde0498e53b,76386d460969cd1c,a91a958f77aaaf7a,581129f2e0a8962a,ebb4e5b69643d4ab,d19ff493ba370b6e,b141dda23578766d,6beb33f61a648b30,e8626631698592a7,1a0240c017cd5737,7907e0dc70c44f92,0449f665c5c7d649,59400f104fce28c2,303ae000f3346db3,876489950e67fe4b,e7d35ff357dd270d,7aa6307caf88079d,e8626631698592a7,6beb33f61a648b30,9c0ccaca4f7af75d,7e425f2c7bd1de87,c6a64b1fd1e8cd43,aa5750ffc43bcc18,05c7a6c16b69e4b0,9c0ccaca4f7af75d,3dd66bd447d95ae1,15b3a52de1d155f8,bffcd34d68d28303,55f44c3f728145bb,f30a9b11844c24b0,e7d35ff357dd270d,ed2b9dbd5a8d4f91,cb4fbea952d068b4,eb2ca1b686cec5b6,a64e0155977494f6,fb8e44e358fa39c8,5192c45bf1ce718c,e478035ea7a63a88,15f5184dd981d634,4c142b488845264b,f8cbd24719bd2d25,2acea48879fd7fec,fb5c86ffdae2de70,f46502a5c792f3d2,9841cafe9b5e1f5e,d1fa77c870715aa6,c43879676fbe4462,3575419b4b9d1e89
9d057380af7f8229,11e16848f8de0a7b,ee5fdac79ee65b48,11e16848f8de0a7b,c423400504d96338,ee5fdac79ee65b48,73796850790b70ca,ae09892d3ad04b4b,5e9c1bf43507f405,ae09892d3ad04b4b,426a1b89dcfa2b6d,88fe8b2185d4feb6,85e5acde0498e53b,88fe8b2185d4feb6,76386d460969cd1c,7907e0dc70c44f92,b141dda23578766d,a91a958f77aaaf7a,59400f104fce28c2,7aa6307caf88079d,876489950e67fe4b,7e425f2c7bd1de87,581129f2e0a8962a,e8626631698592a7,e8626631698592a7,0449f665c5c7d649,d19ff493ba370b6e,c6a64b1fd1e8cd43,6beb33f61a648b30,15b3a52de1d155f8,05c7a6c16b69e4b0,ebb4e5b69643d4ab,aa5750ffc43bcc18,3dd66bd447d95ae1,9c0ccaca4f7af75d,6beb33f61a648b30,9c0ccaca4f7af75d,e7d35ff357dd270d,bffcd34d68d28303,e7d35ff357dd270d,303ae000f3346db3,f30a9b11844c24b0,a64e0155977494f6,55f44c3f728145bb,5192c45bf1ce718c,ed2b9dbd5a8d4f91,1a0240c017cd5737,9841cafe9b5e1f5e,2acea48879fd7fec,f46502a5c792f3d2,d1fa77c870715aa6,15f5184dd981d634,3575419b4b9d1e89,4c142b488845264b,fb8e44e358fa39c8,eb2ca1b686cec5b6,cb4fbea952d068b4,fb5c86ffdae2de70,c43879676fbe4462,e478035ea7a63a88,f8cbd24719bd2d25
f056a90fff840586,a64e0155977494f6,b141dda23578766d,6beb33f61a648b30,55f44c3f728145bb,15b3a52de1d155f8,0449f665c5c7d649,f30a9b11844c24b0,e8626631698592a7,e7d35ff357dd270d,9c0ccaca4f7af75d,9c0ccaca4f7af75d,e8626631698592a7,2acea48879fd7fec,e7d35ff357dd270d,d1fa77c870715aa6,3575419b4b9d1e89,9841cafe9b5e1f5e,581129f2e0a8962a,15f5184dd981d634,303ae000f3346db3,6beb33f61a648b30,ed2b9dbd5a8d4f91,76386d460969cd1c,ebb4e5b69643d4ab,11e16848f8de0a7b,f46502a5c792f3d2,fb5c86ffdae2de70,aa5750ffc43bcc18,59400f104fce28c2,c43879676fbe4462,11e16848f8de0a7b,c423400504d96338,426a1b89dcfa2b6d,fb8e44e358fa39c8,5192c45bf1ce718c,73796850790b70ca,4c142b488845264b,ee5fdac79ee65b48,85e5acde0498e53b,cb4fbea952d068b4,e478035ea7a63a88,876489950e67fe4b,5e9c1bf43507f405,ee5fdac79ee65b48,eb2ca1b686cec5b6,05c7a6c16b69e4b0,d19ff493ba370b6e,a91a958f77aaaf7a,7aa6307caf88079d,88fe8b2185d4feb6,f8cbd24719bd2d25,1a0240c017cd5737,7e425f2c7bd1de87,7907e0dc70c44f92,ae09892d3ad04b4b,ae09892d3ad04b4b,3dd66bd447d95ae1,88fe8b2185d4feb6,bffcd34d68d28303,c6a64b1fd1e8cd43
f48b2ad121264ec4,7907e0dc70c44f92,7e425f2c7bd1de87,7aa6307caf88079d,bffcd34d68d28303,c6a64b1fd1e8cd43,59400f104fce28c2,88fe8b2185d4feb6,876489950e67fe4b,ae09892d3ad04b4b,5192c45bf1ce718c,88fe8b2185d4feb6,05c7a6c16b69e4b0,ae09892d3ad04b4b,11e16848f8de0a7b,ee5fdac79ee65b48,c423400504d96338,3dd66bd447d95ae1,426a1b89dcfa2b6d,5e9c1bf43507f405,f46502a5c792f3d2,ee5fdac79ee65b48,73796850790b70ca,11e16848f8de0a7b,ed2b9dbd5a8d4f91,aa5750ffc43bcc18,e7d35ff357dd270d,6beb33f61a648b30,e8626631698592a7,9841cafe9b5e1f5e,e8626631698592a7,e7d35ff357dd270d,15f5184dd981d634,b141dda23578766d,9c0ccaca4f7af75d,9c0ccaca4f7af75d,76386d460969cd1c,6beb33f61a648b30,0449f665c5c7d649,85e5acde0498e53b,d1fa77c870715aa6,15b3a52de1d155f8,55f44c3f728145bb,2acea48879fd7fec,a64e0155977494f6,581129f2e0a8962a,3575419b4b9d1e89,f30a9b11844c24b0,a91a958f77aaaf7a,d19ff493ba370b6e,ebb4e5b69643d4ab,303ae000f3346db3,c43879676fbe4462,1a0240c017cd5737,eb2ca1b686cec5b6,e478035ea7a63a88,4c142b488845264b,f8cbd24719bd2d25,fb5c86ffdae2de70,fb8e44e358fa39c8,cb4fbea952d068b4
ff6acaae2c32372c,a64e0155977494f6,6beb33f61a648b30,b141dda23578766d,55f44c3f728145bb,15b3a52de1d155f8,0449f665c5c7d649,e7d35ff357dd270d,e8626631698592a7,9c0ccaca4f7af75d,f30a9b11844c24b0,9c0ccaca4f7af75d,e8626631698592a7,e7d35ff357dd270d,2acea48879fd7fec,d1fa77c870715aa6,15f5184dd981d634,9841cafe9b5e1f5e,3575419b4b9d1e89,581129f2e0a8962a,6beb33f61a648b30,ed2b9dbd5a8d4f91,59400f104fce28c2,303ae000f3346db3,aa5750ffc43bcc18,11e16848f8de0a7b,ebb4e5b69643d4ab,f46502a5c792f3d2,11e16848f8de0a7b,fb5c86ffdae2de70,76386d460969cd1c,c423400504d96338,426a1b89dcfa2b6d,c43879676fbe4462,5192c45bf1ce718c,876489950e67fe4b,7aa6307caf88079d,73796850790b70ca,ee5fdac79ee65b48,7e425f2c7bd1de87,88fe8b2185d4feb6,7907e0dc70c44f92,fb8e44e358fa39c8,5e9c1bf43507f405,ee5fdac79ee65b48,05c7a6c16b69e4b0,4c142b488845264b,ae09892d3ad04b4b,e478035ea7a63a88,ae09892d3ad04b4b,3dd66bd447d95ae1,cb4fbea952d068b4,88fe8b2185d4feb6,85e5acde0498e53b,bffcd34d68d28303,eb2ca1b686cec5b6,f8cbd24719bd2d25,c6a64b1fd1e8cd43,1a0240c017cd5737,a91a958f77aaaf7a,d19ff493ba370b6e
